CPF,Nome,E-mail
123.456.789-10,"Ana Clara Souza",ana.clara@gmail.com
234.567.891-20,Carlos Eduardo Pereira,carlos.eduardo@gmail.com
345.678.912-30,Fernanda Lima Rodrigues,fernanda.lima@outlook.com
456.789.123-40,Roberto Silva Xavier,roberto.silva@gmail.com
567.891.234-50,Luísa Moura Gonçalves,luisa.moura@gmail.com
089.603.609-02,Ester Daniela Oliveira,ester_daniela_oliveira@bn.com.br
726.696.133-57,Cecília Laís Marlene de Paula,cecilia-depaula81@alvesbarcelos.com.br
038.831.662-43,Sandra Benedita Letícia Martins,sandra_benedita_martins@veloxmail.com.br
265.287.298-24,Antonio Erick Enzo Duarte,antonio_duarte@marmorariauchoa.com
987.745.887-02,Nicolas Yago Duarte,nicolasyagoduarte@saopaulo10hotmail.com
394.879.666-17,Mirella Maya Renata Cavalcanti,mirella_maya_cavalcanti@pmm.am.gov.br
091.006.791-00,Calebe Roberto da Silva,calebe_roberto_dasilva@cdcd.com.br
717.849.202-31,Rodrigo Alexandre Murilo Almeida,rodrigoalexandrealmeida@acquire.com.br
170.439.430-94,Bianca Kamilly Andrea Santos,biancakamillysantos@cancaonova.com
391.102.973-08,Severino Cláudio Almeida,severino.claudio.almeida@yahoo.de
991.284.531-58,Ana Jennifer Assunção,ana.jennifer.assuncao@novotempo.org.br
226.910.112-08,Arthur Manoel Luiz Ramos,arthurmanoelramos@paginacom.com.br